date,num
2003-04-13,11
2003-05-06,11
2004-06-04,1
2004-10-04,1
2004-11-06,6
2004-12-25,6
2005-02-02,6
2005-02-07,2
2005-02-10,7
2005-03-11,2
2005-11-27,1
2006-01-27,2
2006-01-28,2
2006-01-29,29
2006-03-25,1
2006-04-01,1
2006-04-02,3
2006-04-30,1
2006-05-02,4
2006-05-03,5
2006-05-04,2
2006-05-23,10
2006-07-16,10
2006-07-17,6
2006-09-15,3
2006-10-01,1
2006-10-06,11
2006-11-04,2
2006-12-01,2
2007-01-01,10
2007-02-01,3
2007-02-02,11
2007-02-05,38
2007-02-13,2
2007-02-18,118
2007-02-19,15
2007-02-20,29
2007-02-21,1
2007-02-22,6
2007-02-23,2
2007-02-24,3
2007-02-25,9
2007-05-07,24
2007-05-13,1
2007-06-09,4
2007-07-22,32
2007-08-04,25
2007-10-01,4
2007-10-04,3
2007-10-05,6
2007-11-10,39
2007-11-11,39
2007-11-17,4
2007-12-22,15
2007-12-27,18
2008-01-01,12
2008-03-01,24
2008-03-04,2
2008-03-07,3
2008-03-08,1
2008-04-27,18
2008-05-13,2
2008-05-14,10
2008-05-15,16
2008-05-16,3
2008-05-17,10
2008-05-19,4
2008-05-22,1
2008-05-28,7
2008-06-03,1
2008-06-07,9
2008-06-08,16
2008-06-09,1
2008-06-24,1
2008-06-28,5
2008-07-01,3
2008-07-02,5
2008-07-04,9
2008-07-27,2
2008-07-28,7
2008-08-17,33
2008-08-18,24
2008-08-23,19
2008-09-02,1
2008-09-13,23
2008-09-28,17
2008-10-05,1
2008-10-07,1
2008-10-14,13
2008-10-16,1
2008-10-18,4
2008-10-19,10
2008-11-01,7
2008-11-22,3
2008-12-07,17
2008-12-08,6
2008-12-11,1
2008-12-14,8
2008-12-15,7
2008-12-18,3
2008-12-21,4
2009-01-01,1
2009-01-02,7
2009-01-10,40
2009-01-21,57
2009-01-22,51
2009-01-24,16
2009-01-28,1
2009-01-29,2
2009-01-30,27
2009-02-01,47
2009-02-04,1
2009-04-10,12
2009-04-15,3
2009-04-29,20
2009-05-04,4
2009-05-05,35
2009-05-11,1
2009-05-17,3
2009-05-23,3
2009-05-27,71
2009-06-10,22
2009-06-14,10
2009-06-23,110
2009-06-26,76
2009-06-27,2
2009-06-28,10
2009-07-12,59
2009-07-19,1
2009-07-22,7
2009-08-02,48
2009-08-06,1
2009-08-16,65
2009-08-17,301
2009-08-18,341
2009-08-19,147
2009-08-20,248
2009-08-21,444
2009-08-22,220
2009-08-23,3
2009-08-27,2
2009-08-28,116
2009-08-29,66
2009-08-30,16
2009-08-31,8
2009-09-02,14
2009-09-06,1
2009-09-08,1
2009-09-09,4
2009-09-10,2
2009-09-11,17
2009-09-14,6
2009-09-15,2
2009-09-16,38
2009-09-17,56
2009-09-18,217
2009-09-22,8
2009-09-23,1
2009-09-25,1
2009-09-26,13
2009-09-27,2
2009-10-01,1
2009-10-06,1
2009-10-08,2
2009-10-12,9
2009-10-13,6
2009-10-14,3
2009-10-15,163
2009-10-16,15
2009-10-17,3
2009-10-18,8
2009-10-19,2
2009-10-20,9
2009-10-22,10
2009-10-23,6
2009-10-30,45
2009-10-31,28
2009-11-02,7
2009-11-10,1
2009-11-12,15
2009-11-13,29
2009-11-16,1
2009-11-21,3
2009-11-25,3
2009-11-26,33
2009-11-28,1
2009-12-02,1
2009-12-03,6
2009-12-04,3
2009-12-08,1
2009-12-09,3
2009-12-10,5
2009-12-16,1
2009-12-18,13
2010-01-11,3
2010-01-12,16
2010-01-21,3
2010-01-28,2
2010-02-08,2
2010-02-11,3
2010-02-12,5
2010-02-15,11
2010-02-17,26
2010-02-18,8
2010-02-19,3
2010-02-28,39
2010-03-13,65
2010-04-18,1
2010-04-24,1
2010-04-26,1
2010-04-27,5
2010-04-28,10
2010-04-29,5
2010-04-30,1
2010-05-02,12
2010-05-03,8
2010-05-04,6
2010-05-07,1
2010-05-11,2
2010-05-12,1
2010-05-13,1
2010-05-19,1
2010-05-28,3
2010-06-02,13
2010-06-04,3
2010-06-14,3
2010-06-15,6
2010-06-16,1
2010-06-18,3
2010-06-22,4
2010-06-24,8
2010-06-27,7
2010-06-28,88
2010-07-05,1
2010-07-07,22
2010-07-08,11
2010-07-09,4
2010-07-13,3
2010-07-14,1
2010-07-15,13
2010-07-16,5
2010-07-17,20
2010-07-18,2
2010-07-21,23
2010-07-22,46
2010-07-26,29
2010-07-31,18
2010-08-01,15
2010-08-02,19
2010-08-05,1
2010-08-06,12
2010-08-07,36
2010-08-08,3
2010-08-09,5
2010-08-10,3
2010-08-11,1
2010-08-12,17
2010-08-14,37
2010-08-17,2
2010-08-22,1
2010-08-23,5
2010-09-01,9
2010-09-02,8
2010-09-06,3
2010-09-08,18
2010-09-09,8
2010-09-13,2
2010-09-14,3
2010-09-15,46
2010-09-16,4
2010-09-17,119
2010-09-20,1
2010-09-21,3
2010-09-25,16
2010-09-26,6
2010-09-27,3
2010-09-28,15
2010-09-29,14
2010-09-30,4
2010-10-01,16
2010-10-03,1
2010-10-04,2
2010-10-05,2
2010-10-06,1
2010-10-07,4
2010-10-08,26
2010-10-12,2
2010-10-15,9
2010-10-19,3
2010-10-25,2
2010-10-27,1
2010-10-28,1
2010-10-29,13
2010-11-05,7
2010-11-07,1
2010-11-10,3
2010-11-12,1
2010-11-14,1
2010-11-17,10
2010-11-18,8
2010-11-19,2
2010-11-21,1
2010-11-22,2
2010-11-23,2
2010-11-24,7
2010-11-30,2
2010-12-02,10
2010-12-22,12
2011-01-03,2
2011-01-06,3
2011-01-07,2
2011-01-10,6
2011-01-13,2
2011-01-20,1
2011-02-02,7
2011-02-03,4
2011-02-04,3
2011-02-05,2
2011-02-09,1
2011-02-10,2
2011-02-14,1
2011-02-18,1
2011-02-20,1
2011-02-21,23
2011-02-22,40
2011-02-23,31
2011-03-02,8
2011-03-13,1
2011-03-17,1
2011-03-19,2
2011-03-20,8
2011-03-25,6
2011-03-26,36
2011-04-04,2
2011-04-08,1
2011-04-11,3
2011-04-12,2
2011-04-13,15
2011-04-14,22
2011-04-15,22
2011-04-18,2
2011-04-19,2
2011-04-20,2
2011-04-22,21
2011-04-23,1
2011-04-25,1
2011-04-26,3
2011-04-27,1
2011-04-28,4
2011-04-29,9
2011-04-30,7
2011-05-04,1
2011-05-08,12
2011-05-09,1
2011-05-12,11
2011-05-13,15
2011-05-16,1
2011-05-18,2
2011-05-19,15
2011-05-20,3
2011-05-27,36
2011-05-29,24
2011-05-31,7
2011-06-02,1
2011-06-11,1
2011-06-16,1
2011-06-17,5
2011-06-29,13
2011-07-09,1
2011-07-13,3
2011-07-15,5
2011-07-16,72
2011-07-17,151
2011-07-30,27
2011-07-31,33
2011-08-02,1
2011-08-10,5
2011-08-18,171
2011-08-19,207
2011-08-20,69
2011-08-21,16
2011-09-16,45
2011-09-30,30
2011-10-05,10
2011-10-06,43
2011-10-07,30
2011-10-08,194
2011-10-09,1
2011-10-12,6
2011-10-28,1
2011-10-31,1
2011-11-16,4
2011-12-08,6
2011-12-09,4
2011-12-18,3
2011-12-23,2
2011-12-26,2
2011-12-27,4
2011-12-28,1
2011-12-31,1
2012-01-02,1
2012-01-15,2
2012-01-27,8
2012-02-01,4
2012-02-02,3
2012-02-06,2
2012-02-07,6
2012-02-08,6
2012-02-10,3
2012-02-15,1
2012-02-21,1
2012-02-29,1
2012-03-09,41
2012-03-10,5
2012-03-13,8
2012-03-14,9
2012-03-15,1
2012-03-16,1
2012-03-17,5
2012-03-19,1
2012-03-21,1
2012-03-22,6
2012-04-05,1
2012-04-13,7
2012-04-17,14
2012-04-18,1
2012-04-19,1
2012-05-01,6
2012-05-02,3
2012-05-10,3
2012-05-17,35
2012-05-21,17
2012-05-30,1
2012-05-31,1
2012-06-01,48
2012-06-15,5
2012-06-17,2
2012-06-19,2
2012-06-25,1
2012-06-26,1
2012-07-03,4
2012-07-22,1
2012-07-28,1
2012-07-29,1
2012-08-02,2
2012-08-03,9
2012-08-10,6
2012-08-11,5
2012-08-16,4
2012-08-17,150
2012-08-18,66
2012-08-20,5
2012-08-21,22
2012-08-22,11
2012-08-23,1
2012-09-06,1
2012-09-09,1
2012-09-11,52
2012-09-30,1
2012-10-05,1
2012-10-06,1
2012-10-18,1
2012-10-19,14
2012-11-09,3
2012-11-12,5
2012-11-13,2
2012-11-16,1
2012-11-21,2
2012-11-24,1
2012-11-25,4
2012-11-26,1
2012-11-27,1
2012-11-28,1
2012-12-08,1
2012-12-17,1
2012-12-29,1
2012-12-31,3
2013-01-01,4
2013-01-02,4
2013-01-28,2
2013-02-01,1
2013-04-29,1
2013-05-05,13
2013-05-06,1
2013-05-09,3
2013-05-17,1
2013-05-18,1
2013-05-20,18
2013-05-23,2
2013-05-26,5
2013-06-01,4
2013-06-03,3
2013-06-08,1
2013-06-10,1
2013-06-13,5
2013-06-15,20
2013-06-22,2
2013-06-23,1
2013-07-15,11
2013-07-16,2
2013-07-17,23
2013-07-18,11
2013-07-19,31
2013-07-21,59
2013-07-22,62
2013-07-23,152
2013-07-24,142
2013-07-25,19
2013-07-26,73
2013-07-27,89
2013-07-28,23
2013-09-11,10
2013-09-14,2
2013-09-20,1
2013-09-28,2
2013-09-30,1
2013-10-07,4
2013-10-10,1
2013-10-13,1
2013-10-28,13
2013-10-29,3
2013-10-31,8
2013-11-05,1
2013-11-06,1
2013-11-07,1
2013-11-15,4
2013-11-20,2
2013-11-23,6
2013-11-24,1
2013-11-30,1
2013-12-02,1
2013-12-19,1
2013-12-21,1
2013-12-26,3
2014-01-19,7
2014-01-22,18
2014-03-01,1
2014-03-19,1
2014-04-25,1
2014-05-14,7
2014-05-16,20
2014-06-19,8
2014-07-04,2
2014-08-07,1
2014-08-16,21
2014-08-17,89
2014-08-19,118
2014-09-19,2
2014-09-30,2
2014-10-01,4
2014-10-03,3
2014-10-06,2
2014-10-17,4
2014-10-20,5
2014-10-21,4
2014-10-22,1
2014-10-23,5
2014-10-24,2
2014-10-26,1
2014-10-27,5
2014-10-28,3
2014-10-30,4
2014-10-31,21
2014-11-01,4
2014-11-03,2
2014-11-04,10
2014-11-05,4
2014-11-06,2
2014-11-11,4
2014-11-13,34
2014-11-17,11
2014-11-18,2
2014-11-19,1
2014-11-21,2
2014-11-22,1
2014-11-25,1
2014-11-26,2
2014-11-27,7
2014-11-28,11
2014-12-01,1
2014-12-03,8
2014-12-05,2
2014-12-09,20
2014-12-10,4
2014-12-11,1
2014-12-12,2
2014-12-16,1
2014-12-18,11
2014-12-19,1
2014-12-20,2
2014-12-24,65
2014-12-25,90
2014-12-26,116
2014-12-27,35
2014-12-28,27
2014-12-29,18
2014-12-30,5
2015-01-06,1
2015-01-14,5
2015-01-20,2
2015-01-25,12
2015-01-31,3
2015-02-09,1
2015-02-13,1
2015-02-16,1
2015-02-17,1
2015-02-23,3
2015-02-24,1
2015-03-01,1
2015-03-02,2
2015-03-05,10
2015-03-06,3
2015-03-10,2
2015-03-18,1
2015-03-19,2
2015-03-22,1
2015-03-23,2
2015-03-24,3
2015-03-28,3
2015-03-29,128
2015-03-30,231
2015-03-31,240
2015-04-01,55
2015-04-02,40
2015-04-12,14
2015-04-17,2
2015-04-22,1
2015-04-23,2
2015-04-25,2
2015-04-27,1
2015-04-28,1
2015-05-01,2
2015-05-04,1
2015-05-06,7
2015-05-07,2
2015-05-13,2
2015-05-14,2
2015-05-17,3
2015-05-18,13
2015-05-22,96
2015-05-23,72
2015-05-24,1
2015-05-25,9
2015-05-26,4
2015-05-27,40
2015-05-30,9
2015-05-31,1
2015-06-06,5
2015-06-08,1
2015-06-10,1
2015-06-11,2
2015-06-15,1
2015-06-17,3
2015-06-23,1
2015-06-24,1
2015-06-26,1
2015-06-30,2
2015-07-01,9
2015-07-03,11
2015-07-08,70
2015-07-09,138
2015-07-12,1
2015-07-15,4
2015-07-16,1
2015-07-17,1
2015-07-21,33
2015-07-24,7
2015-07-25,35
2015-07-26,63
2015-07-31,72
2015-08-05,4
2015-08-06,120
2015-08-07,136
2015-08-08,22
2015-08-09,39
2015-08-10,81
2015-08-11,130
2015-08-12,166
2015-08-13,24
2015-08-14,10
2015-08-16,2
2015-08-20,6
2015-08-21,27
2015-08-22,98
2015-08-23,13
2015-08-24,1
2015-08-25,1
2015-08-29,2
2015-09-02,13
2015-09-03,5
2015-09-04,68
2015-09-05,7
2015-09-06,17
2015-09-07,12
2015-09-08,130
2015-09-09,10
2015-09-10,17
2015-09-11,5
2015-09-12,35
2015-09-13,28
2015-09-14,21
2015-09-15,33
2015-09-16,26
2015-09-17,5
2015-09-18,12
2015-09-19,6
2015-09-20,3
2015-09-21,2
2015-09-22,3
2015-09-23,3
2015-09-24,31
2015-09-25,10
2015-09-26,45
2015-09-27,25
2015-09-28,2
2015-09-29,1
2015-09-30,10
2015-10-01,11
2015-10-02,35
2015-10-03,3
2015-10-04,52
2015-10-05,7
2015-10-06,4
2015-10-07,2
2015-10-08,23
2015-10-10,162
2015-10-11,1
2015-10-12,4
2015-10-13,4
2015-10-14,3
2015-10-15,3
2015-10-16,7
2015-10-17,18
2015-10-18,3
2015-10-19,2
2015-10-20,7
2015-10-21,1
2015-10-22,7
2015-10-23,1
2015-10-24,16
2015-10-25,3
2015-10-27,3
2015-10-28,1
2015-10-29,2
2015-10-30,15
2015-10-31,9
2015-11-01,26
2015-11-02,5
2015-11-03,19
2015-11-04,12
2015-11-05,8
2015-11-06,6
2015-11-07,12
2015-11-08,1
2015-11-09,21
2015-11-10,6
2015-11-11,18
2015-11-12,10
2015-11-13,40
2015-11-14,1
2015-11-15,27
2015-11-17,5
2015-11-18,2
2015-11-19,6
2015-11-20,17
2015-11-21,5
2015-11-22,12
2015-11-23,4
2015-11-24,20
2015-11-25,5
2015-11-26,11
2015-11-27,7
2015-11-29,2
2015-11-30,2
2015-12-01,5
2015-12-02,2
2015-12-03,43
2015-12-04,12
2015-12-05,10
2015-12-06,28
2015-12-09,5
2015-12-10,2
2015-12-11,17
2015-12-12,2
2015-12-13,1
2015-12-18,24
2015-12-19,10
2015-12-20,66
2015-12-23,13
2015-12-24,65
2015-12-25,24
2015-12-26,1
2015-12-27,4
2015-12-28,1
2015-12-30,88
2015-12-31,6
2016-01-01,53
2016-01-02,14
2016-01-03,15
2016-01-04,4
2016-01-05,10
2016-01-06,10
2016-01-07,56
2016-01-08,56
2016-01-09,62
2016-01-10,1
2016-01-11,5
2016-01-12,8
2016-01-13,2
2016-01-14,5
2016-01-15,35
2016-01-16,13
2016-01-18,19
2016-01-19,8
2016-01-20,6
2016-01-21,5
2016-01-22,15
2016-01-23,7
2016-01-24,4
2016-01-25,17
2016-01-26,3
2016-01-27,1
2016-01-29,31
2016-01-30,13
2016-01-31,3
2016-02-01,19
2016-02-02,2
2016-02-03,2
2016-02-04,2
2016-02-05,23
2016-02-07,3
2016-02-08,57
2016-02-09,3
2016-02-10,2
2016-02-11,1
2016-02-12,15
2016-02-14,14
2016-02-15,2
2016-02-16,3
2016-02-17,20
2016-02-18,17
2016-02-19,19
2016-02-20,2
2016-02-21,17
2016-02-22,3
2016-02-23,4
2016-02-24,2
2016-02-28,7
2016-02-29,5
2016-03-01,3
2016-03-02,5
2016-03-03,13
2016-03-04,20
2016-03-05,4
2016-03-06,1
2016-03-08,1
2016-03-09,5
2016-03-10,1
2016-03-11,1
2016-03-13,1
2016-03-16,5
2016-03-17,1
2016-03-20,10
2016-03-22,1
2016-03-24,8
2016-03-25,1
2016-03-26,8
2016-03-27,16
2016-03-28,10
2016-03-29,1
2016-03-30,32
2016-04-01,2
2016-04-02,3
2016-04-03,1
2016-04-04,5
2016-04-05,1
2016-04-06,11
2016-04-08,56
2016-04-09,5
2016-04-10,6
2016-04-12,1
2016-04-13,10
2016-04-14,3
2016-04-15,27
2016-04-16,38
2016-04-17,14
2016-04-18,9
2016-04-19,2
2016-04-22,7
2016-04-24,1
2016-04-25,27
2016-04-26,1
2016-04-27,30
2016-04-28,73
2016-04-29,44
2016-04-30,10
2016-05-01,17
2016-05-02,49
2016-05-03,26
2016-05-04,18
2016-05-05,13
2016-05-06,12
2016-05-07,17
2016-05-08,23
2016-05-09,1
2016-05-10,2
2016-05-14,35
2016-05-15,5
2016-05-16,4
2016-05-17,28
2016-05-18,1
2016-05-19,22
2016-05-20,3
2016-05-21,11
2016-05-23,19
2016-05-24,5
2016-05-25,13
2016-05-28,18
2016-05-29,40
2016-05-30,30
2016-05-31,5
2016-06-01,13
2016-06-02,6
2016-06-03,6
2016-06-04,113
2016-06-05,25
2016-06-06,2
2016-06-07,15
2016-06-08,1
2016-06-09,27
2016-06-10,21
2016-06-11,8
2016-06-12,1
2016-06-13,7
2016-06-14,5
2016-06-15,2
2016-06-17,52
2016-06-22,17
2016-06-26,5
2016-06-27,1
2016-06-28,8
2016-06-29,2
2016-06-30,2
2016-07-01,2
2016-07-03,3
2016-07-04,2
2016-07-06,5
2016-07-08,7
2016-07-09,2
2016-07-10,4
2016-07-12,77
2016-07-13,1
2016-07-14,36
2016-07-16,2
2016-07-20,2
2016-07-21,1
2016-07-22,1
2016-07-23,1
2016-07-25,1
2016-07-27,25
2016-07-30,49
2016-07-31,9
2016-08-01,1
2016-08-03,23
2016-08-04,8
2016-08-05,1
2016-08-06,3
2016-08-07,2
2016-08-08,21
2016-08-09,2
2016-08-12,1
2016-08-13,1
2016-08-14,1
2016-08-15,1
2016-08-18,5
2016-08-19,3
2016-08-20,4
2016-08-21,2
2016-08-22,7
2016-08-25,3
2016-08-27,2
2016-08-28,2
2016-08-29,1
2016-08-31,6
2016-09-01,3
2016-09-02,5
2016-09-03,15
2016-09-04,2
2016-09-05,8
2016-09-06,27
2016-09-12,2
2016-09-13,8
2016-09-14,5
2016-09-15,3
2016-09-16,6
2016-09-19,2
2016-09-22,1
2016-09-23,10
2016-09-25,4
2016-09-26,1
2016-09-27,3
2016-09-28,1
2016-09-30,3
2016-10-01,3
2016-10-03,1
2016-10-07,2
2016-10-08,4
2016-10-09,4
2016-10-10,1
2016-10-12,1
2016-10-16,3
2016-10-20,1
2016-10-22,1
2016-10-26,8
2016-10-27,1
2016-10-28,2
2016-10-30,1
2016-10-31,2
2016-11-02,5
2016-11-05,2
2016-11-06,1
2016-11-10,1
2016-11-11,1
2016-11-12,2
2016-11-20,2
2016-11-24,1
2016-11-25,4
2016-11-27,3
2016-11-28,6
2016-11-29,1
2016-11-30,7
2016-12-01,1
2016-12-05,20
2016-12-07,1
2016-12-08,7
2016-12-09,1
2016-12-13,88
2016-12-17,4
2016-12-20,22
2016-12-22,9
2016-12-23,13
2016-12-24,15
2016-12-25,4
2016-12-26,15
2016-12-28,1
2016-12-29,3
2016-12-30,2
2016-12-31,16
2017-01-01,3
2017-01-03,2
2017-01-06,2
2017-01-09,4
2017-01-10,9
2017-01-11,1
2017-01-12,3
2017-01-13,10
2017-01-14,1
2017-01-16,1
2017-01-18,1
2017-01-19,16
2017-01-20,1
2017-01-23,1
2017-01-24,8
2017-01-25,2
2017-01-26,7
2017-01-27,1
2017-01-31,1
2017-02-03,5
2017-02-04,3
2017-02-05,3
2017-02-07,6
2017-02-08,1
2017-02-09,1
2017-02-10,1
2017-02-11,10
2017-02-12,7
2017-02-14,1
2017-02-15,28
2017-02-16,24
2017-02-17,1
2017-02-18,6
2017-02-19,1
2017-02-20,1
2017-02-21,21
2017-02-22,14
2017-02-23,4
2017-02-26,1
2017-02-28,1
2017-03-01,1
2017-03-06,1
2017-03-07,2
2017-03-09,1
2017-03-10,2
2017-03-11,4
2017-03-12,12
2017-03-13,2
2017-03-14,7
2017-03-15,3
2017-03-16,2
2017-03-18,6
2017-03-19,1
2017-03-21,1
2017-03-23,2
2017-03-24,1
2017-03-25,2
2017-03-26,1
2017-03-27,2
2017-03-28,5
2017-03-29,2
2017-03-30,9
2017-03-31,18
2017-04-01,1
2017-04-02,10
2017-04-03,23
2017-04-04,65
2017-04-06,15
2017-04-08,1
2017-04-09,2
2017-04-11,2
2017-04-14,1
2017-04-18,1
2017-04-19,1
2017-04-20,2
2017-04-21,44
2017-04-22,85
2017-04-23,1
2017-04-27,5
2017-04-30,1
2017-05-01,1
2017-05-03,2
2017-05-04,5
2017-05-05,4
2017-05-06,14
2017-05-08,3
2017-05-10,1
2017-05-11,4
2017-05-12,6
2017-05-14,72
2017-05-20,6
2017-05-21,10
2017-05-25,3
2017-05-26,4
2017-05-28,10
2017-05-29,12
2017-06-06,5
2017-06-09,23
2017-06-10,6
2017-06-11,2
2017-06-13,1
2017-06-14,3
2017-06-15,1
2017-06-17,1
2017-06-18,3
2017-06-20,2
2017-06-22,1
2017-06-23,3
2017-06-24,11
2017-06-25,5
2017-06-26,3
2017-06-28,6
2017-06-30,7
2017-07-01,15
2017-07-02,13
2017-07-03,14
2017-07-05,8
2017-07-06,4
2017-07-07,2
2017-07-09,4
2017-07-10,22
2017-07-11,4
2017-07-13,3
2017-07-16,9
2017-07-17,9
2017-07-18,35
2017-07-19,8
2017-07-21,2
2017-07-23,1
2017-07-24,6
2017-07-25,2
2017-07-26,8
2017-07-27,11
2017-07-28,7
2017-07-29,1
2017-07-31,5
2017-08-02,7
2017-08-05,60
2017-08-06,8
2017-08-07,4
2017-08-08,5
2017-08-09,59
2017-08-10,44
2017-08-12,5
2017-08-20,8
2017-08-21,16
2017-08-22,3
2017-08-27,12
2017-08-29,1
2017-08-30,8
2017-09-01,230
2017-09-02,149
2017-09-03,55
2017-09-04,32
2017-09-05,59
2017-09-06,8
2017-09-11,1
2017-09-13,2
2017-09-16,25
2017-09-17,2
2017-09-20,4
2017-09-22,1
2017-09-23,5
2017-09-24,13
2017-09-26,2
2017-09-29,1
2017-09-30,2
2017-10-01,18
2017-10-03,6
2017-10-09,4
2017-10-10,2
2017-10-17,1
2017-10-21,1
2017-10-23,51
2017-10-24,1
2017-10-25,1
2017-10-26,4
2017-10-30,3
2017-11-04,1
2017-11-07,1
2017-11-10,5
2017-11-16,1
2017-11-25,1
2017-11-27,3
2017-12-04,2
2017-12-06,23
2017-12-07,7
2017-12-08,1
2017-12-17,5
2017-12-20,1
2017-12-22,9
2017-12-24,5
2017-12-26,3
2017-12-27,5
2017-12-28,13
2017-12-29,3
2017-12-30,4
2017-12-31,13
2018-01-01,30
2018-01-02,1
2018-01-03,7
2018-01-04,3
2018-01-05,2
2018-01-07,2
2018-01-08,2
2018-01-09,4
2018-01-10,1
2018-01-11,2
2018-01-13,13
2018-01-14,74
2018-01-16,4
2018-01-17,1
2018-01-18,1
2018-01-19,3
2018-01-20,3
2018-01-21,3
2018-01-22,1
2018-01-24,3
2018-01-26,1
2018-01-27,3
2018-01-29,3
2018-01-30,15
2018-02-01,14
2018-02-02,1
2018-02-04,9
2018-02-05,2
2018-02-07,1
2018-02-10,4
2018-02-11,19
2018-02-12,2
2018-02-13,1
2018-02-14,7
2018-02-15,10
2018-02-16,38
2018-02-17,6
2018-02-18,5
2018-02-19,3
2018-02-20,75
2018-02-21,42
2018-02-22,79
2018-02-23,24
2018-02-24,104
2018-02-25,48
2018-02-26,19
2018-03-01,12
2018-03-02,4
2018-03-03,4
2018-03-04,3
2018-03-05,4
2018-03-06,36
2018-03-07,10
2018-03-08,20
2018-03-09,1
2018-03-10,1
2018-03-11,10
2018-03-12,7
2018-03-13,2
2018-03-14,10
2018-03-16,11
2018-03-17,2
2018-03-18,1
2018-03-19,5
2018-03-21,9
2018-03-23,4
2018-03-24,5
2018-03-25,1
2018-03-26,1
2018-03-27,4
2018-03-28,3
2018-03-29,14
2018-03-30,18
2018-03-31,20
2018-04-01,59
2018-04-02,29
2018-04-03,24
2018-04-05,4
2018-04-07,1
2018-04-08,1
2018-04-10,1
2018-04-11,1
2018-04-12,2
2018-04-15,5
2018-04-16,2
2018-04-17,13
2018-04-18,2
2018-04-19,5
2018-04-20,2
2018-04-21,6
2018-04-22,1
2018-04-23,13
2018-04-24,1
2018-04-25,80
2018-04-28,61
2018-04-30,1
2018-05-01,2
2018-05-02,2
2018-05-04,7
2018-05-05,14
2018-05-06,53
2018-05-07,6
2018-05-08,1
2018-05-09,2
2018-05-11,3
2018-05-12,16
2018-05-13,3
2018-05-14,5
2018-05-15,21
2018-05-16,8
2018-05-17,10
2018-05-18,35
2018-05-20,16
2018-05-21,4
2018-05-22,1
2018-05-23,13
2018-05-24,3
2018-05-25,22
2018-05-26,13
2018-05-27,15
2018-05-28,2
2018-05-29,9
2018-05-31,1
2018-06-01,1
2018-06-02,2
2018-06-04,1
2018-06-05,9
2018-06-06,7
2018-06-07,9
2018-06-08,23
2018-06-09,47
2018-06-10,21
2018-06-11,18
2018-06-12,13
2018-06-14,1
2018-06-15,5
2018-06-16,2
2018-06-17,13
2018-06-18,8
2018-06-19,7
2018-06-20,2
2018-06-21,1
2018-06-22,14
2018-06-23,20
2018-06-24,21
2018-06-25,11
2018-06-26,3
2018-06-27,7
2018-06-28,14
2018-06-29,26
2018-06-30,51
2018-07-01,182
2018-07-02,6
2018-07-03,1
2018-07-04,4
2018-07-05,11
2018-07-06,21
2018-07-07,2
2018-07-09,4
2018-07-10,6
2018-07-13,8
2018-07-15,3
2018-07-17,18
2018-07-18,17
2018-07-19,1
2018-07-20,33
2018-07-21,1
2018-07-23,1
2018-07-27,5
2018-07-28,1
2018-07-29,20
2018-07-31,1
2018-08-01,13
2018-08-02,1
2018-08-03,1
2018-08-04,17
2018-08-05,280
2018-08-06,5
2018-08-07,3
2018-08-10,11
2018-08-11,3
2018-08-12,11
2018-08-13,3
2018-08-15,47
2018-08-16,2
2018-08-18,136
2018-08-19,10
2018-08-22,4
2018-08-23,1
2018-08-24,1
2018-08-25,1
2018-08-26,2
2018-08-27,3
2018-08-28,2
2018-08-29,1
2018-08-30,7
2018-08-31,4
2018-09-02,1
2018-09-03,3
2018-09-04,4
2018-09-05,5
2018-09-06,90
2018-09-07,6
2018-09-08,1
2018-09-10,3
2018-09-11,9
2018-09-13,3
2018-09-14,7
2018-09-15,1
2018-09-17,1
2018-09-19,9
2018-09-20,1
2018-09-21,4
2018-09-22,6
2018-09-23,11
2018-09-24,1
2018-09-25,4
2018-09-26,9
2018-09-28,6
2018-09-29,28
2018-09-30,169
2018-10-02,4
2018-10-03,2
2018-10-04,1
2018-10-05,3
2018-10-06,10
2018-10-07,44
2018-10-08,1
2018-10-09,9
2018-10-10,2
2018-10-11,2
2018-10-12,8
2018-10-13,1
2018-10-14,5
2018-10-16,3
2018-10-17,4
2018-10-18,5
2018-10-19,1
2018-10-20,22
2018-10-21,13
2018-10-22,9
2018-10-23,5
2018-10-24,3
2018-10-25,4
2018-10-26,6
2018-10-27,13
2018-10-30,2
2018-10-31,4
2018-11-01,6
2018-11-02,12
2018-11-03,51
2018-11-04,15
2018-11-05,12
2018-11-06,13
2018-11-07,10
2018-11-08,3
2018-11-10,10
2018-11-11,18
2018-11-12,6
2018-11-13,4
2018-11-14,9
2018-11-15,12
2018-11-16,5
2018-11-17,11
2018-11-18,1
2018-11-19,10
2018-11-20,8
2018-11-21,4
2018-11-22,1
2018-11-23,4
2018-11-24,8
2018-11-25,1
2018-11-26,4
2018-11-27,2
2018-11-28,7
2018-11-29,23
2018-12-01,10
2018-12-02,4
2018-12-03,17
2018-12-04,9
2018-12-05,2
2018-12-06,12
2018-12-07,9
2018-12-08,42
2018-12-09,13
2018-12-10,27
2018-12-11,3
2018-12-12,16
2018-12-13,11
2018-12-14,42
2018-12-15,4
2018-12-16,11
2018-12-18,3
2018-12-19,6
2018-12-20,25
2018-12-21,5
2018-12-22,46
2018-12-23,5
2018-12-24,14
2018-12-25,38
2018-12-26,12
2018-12-27,1
2018-12-29,1
2018-12-30,3
2019-01-02,9
2019-01-04,21
2019-01-05,3
2019-01-06,3
2019-01-07,8
2019-01-08,9
2019-01-09,9
2019-01-10,3
2019-01-11,14
2019-01-13,9
2019-01-14,33
2019-01-15,8
2019-01-16,4
2019-01-17,1
2019-01-18,8
2019-01-19,22
2019-01-20,10
2019-01-22,7
2019-01-23,6
2019-01-24,3
2019-01-25,27
2019-01-26,7
2019-01-27,11
2019-01-28,1
2019-01-30,1
2019-01-31,3
2019-02-02,12
2019-02-03,37
2019-02-04,1
2019-02-05,4
2019-02-06,10
2019-02-07,11
2019-02-08,13
2019-02-09,9
2019-02-10,28
2019-02-11,3
2019-02-12,4
2019-02-13,19
2019-02-14,4
2019-02-16,20
2019-02-17,11
2019-02-18,4
2019-02-20,5
2019-02-22,7
2019-02-23,25
2019-02-24,4
2019-02-26,2
2019-02-27,5
2019-02-28,2
2019-03-02,8
2019-03-03,10
2019-03-04,1
2019-03-06,2
2019-03-07,2
2019-03-09,9
2019-03-10,7
2019-03-12,5
2019-03-13,6
2019-03-15,6
2019-03-16,2
2019-03-17,3
2019-03-18,11
2019-03-19,27
2019-03-20,4
2019-03-21,2
2019-03-22,3
2019-03-23,7
2019-03-24,2
2019-03-25,10
2019-03-26,2
2019-03-27,1
2019-03-28,14
2019-03-30,5
2019-03-31,10
2019-04-01,3
2019-04-02,5
2019-04-03,2
2019-04-04,4
2019-04-05,32
2019-04-06,6
2019-04-07,13
2019-04-08,3
2019-04-09,1
2019-04-10,13
2019-04-11,3
2019-04-13,23
2019-04-14,6
2019-04-15,11
2019-04-17,2
2019-04-18,4
2019-04-19,3
2019-04-20,10
2019-04-21,88
2019-04-22,2
2019-04-24,12
2019-04-25,1
2019-04-26,5
2019-04-27,10
2019-04-28,9
2019-04-30,13
2019-05-01,3
2019-05-02,8
2019-05-03,8
2019-05-04,57
2019-05-05,8
2019-05-06,14
2019-05-07,11
2019-05-08,7
2019-05-09,9
2019-05-10,27
2019-05-11,105
2019-05-12,19
2019-05-13,5
2019-05-14,5
2019-05-15,3
2019-05-16,1
2019-05-17,4
2019-05-18,227
2019-05-19,11
2019-05-21,9
2019-05-22,12
2019-05-23,1
2019-05-24,3
2019-05-26,7
2019-05-27,14
2019-05-29,1
2019-05-30,3
2019-05-31,1
2019-06-01,31
2019-06-02,5
2019-06-03,6
2019-06-04,4
2019-06-05,2
2019-06-06,32
2019-06-08,10
2019-06-09,8
2019-06-12,4
2019-06-13,1
2019-06-14,9
2019-06-15,7
2019-06-16,20
2019-06-17,10
2019-06-18,1
2019-06-19,6
2019-06-20,5
2019-06-22,3
2019-06-23,1
2019-06-26,2
2019-06-30,36
2019-07-01,60
2019-07-02,1
2019-07-03,2
2019-07-06,7
2019-07-07,7
2019-07-08,3
2019-07-19,5
2019-07-20,2
2019-07-21,1
2019-07-22,4
2019-07-25,3
2019-07-28,14
2019-07-31,4
2019-08-02,30
2019-08-03,7
2019-08-08,5
2019-08-10,8
2019-08-11,4
2019-08-12,1
2019-08-13,1
2019-08-14,1
2019-08-15,9
2019-08-16,11
2019-08-17,35
2019-08-18,65
2019-08-19,110
2019-08-20,244
2019-08-21,466
2019-08-22,386
2019-08-23,117
2019-08-24,49
2019-08-25,23
2019-08-27,28
2019-08-28,26
2019-08-30,9
2019-08-31,23
2019-09-01,12
2019-09-02,15
2019-09-03,65
2019-09-04,4
2019-09-05,4
2019-09-06,11
2019-09-07,7
2019-09-08,5
2019-09-09,1
2019-09-10,4
2019-09-11,6
2019-09-12,16
2019-09-13,7
2019-09-15,11
2019-09-16,3
2019-09-17,4
2019-09-18,35
2019-09-19,5
2019-09-21,3
2019-09-22,1
2019-09-24,3
2019-09-25,3
2019-09-26,6
2019-09-27,19
2019-09-28,11
2019-09-29,12
2019-09-30,2
2019-10-01,2
2019-10-02,10
2019-10-03,5
2019-10-04,4
2019-10-05,17
2019-10-06,2
2019-10-07,18
2019-10-08,13
2019-10-11,6
2019-10-12,12
2019-10-13,6
2019-10-14,2
2019-10-15,8
2019-10-16,4
2019-10-18,7
2019-10-19,1
2019-10-20,20
2019-10-21,7
2019-10-22,40
2019-10-23,10
2019-10-25,2
2019-10-26,4
2019-10-27,3
2019-10-28,2
2019-10-29,8
2019-10-30,1
2019-10-31,6
2019-11-01,9
2019-11-02,1
2019-11-04,12
2019-11-05,2
2019-11-06,10
2019-11-07,1
2019-11-08,6
2019-11-09,7
2019-11-10,1
2019-11-11,13
2019-11-12,1
2019-11-13,17
2019-11-14,4
2019-11-15,1
2019-11-16,7
2019-11-17,5
2019-11-18,7
2019-11-19,1
2019-11-20,1
2019-11-23,4
2019-11-24,4
2019-11-26,2
2019-11-27,2
2019-11-28,2
2019-11-30,18
2019-12-01,5
2019-12-03,2
2019-12-04,4
2019-12-05,1
2019-12-07,3
2019-12-08,1
2019-12-11,1
2019-12-12,2
2019-12-13,4
2019-12-14,15
2019-12-15,2
2019-12-16,13
2019-12-17,2
2019-12-19,10
2019-12-20,4
2019-12-22,14
2019-12-23,10
2019-12-24,18
2019-12-25,19
2019-12-26,16
2019-12-27,1
2019-12-28,15
2019-12-29,8
2019-12-30,4
2019-12-31,8
2020-01-01,12
2020-01-02,8
2020-01-03,8
2020-01-04,8
2020-01-05,19
2020-01-06,10
2020-01-07,6
2020-01-08,5
2020-01-09,21
2020-01-10,16
2020-01-11,5
2020-01-12,1
2020-01-13,19
2020-01-14,15
2020-01-15,45
2020-01-16,20
2020-01-17,3
2020-01-18,7
2020-01-19,2
2020-01-20,3
2020-01-21,17
2020-01-22,7
2020-01-23,4
2020-01-24,18
2020-01-25,24
2020-01-26,17
2020-01-27,11
2020-01-28,24
2020-01-29,6
2020-01-30,5
2020-01-31,4
2020-02-01,2
2020-02-02,2
2020-02-03,7
2020-02-05,6
2020-02-06,1
2020-02-07,2
2020-02-08,2
2020-02-09,1
2020-02-10,6
2020-02-11,1
2020-02-12,2
2020-02-14,15
2020-02-15,3
2020-02-16,2
2020-02-17,16
2020-02-18,20
2020-02-19,5
2020-02-20,10
2020-02-21,27
2020-02-22,3
2020-02-23,3
2020-02-24,6
2020-02-27,3
2020-02-28,3
2020-02-29,10
2020-03-01,5
2020-03-02,7
2020-03-03,7
2020-03-04,8
2020-03-05,8
2020-03-06,10
2020-03-07,8
2020-03-10,2
2020-03-11,2
2020-03-13,5
2020-03-14,4
2020-03-15,1
2020-03-16,13
2020-03-17,5
2020-03-18,2
2020-03-19,7
2020-03-20,3
2020-03-21,33
2020-03-22,3
2020-03-23,5
2020-03-24,3
2020-03-31,1
2020-04-01,2
2020-04-03,3
2020-04-05,9
2020-04-06,1
2020-04-07,7
2020-04-08,2
2020-04-09,2
2020-04-10,6
2020-04-11,2
2020-04-12,1
2020-04-13,10
2020-04-14,10
2020-04-15,7
2020-04-16,35
2020-04-17,9
2020-04-18,10
2020-04-19,12
2020-04-20,1
2020-04-25,4
2020-04-28,2
2020-04-29,1
2020-04-30,5
2020-05-01,6
2020-05-03,9
2020-05-04,6
2020-05-05,1
2020-05-06,3
2020-05-08,33
2020-05-10,9
2020-05-12,8
2020-05-13,10
2020-05-14,2
2020-05-15,4
2020-05-16,7
2020-05-17,1
2020-05-18,1
2020-05-19,3
2020-05-20,5
2020-05-22,19
2020-05-24,4
2020-05-25,20
2020-05-26,14
2020-05-27,5
2020-05-28,1
2020-05-30,6
2020-05-31,67
2020-06-01,2
2020-06-02,3
2020-06-03,6
2020-06-04,5
2020-06-05,10
2020-06-06,3
2020-06-07,25
2020-06-08,43
2020-06-09,5
2020-06-10,6
2020-06-11,4
2020-06-13,18
2020-06-14,43
2020-06-15,24
2020-06-16,81
2020-06-17,305
2020-06-18,107
2020-06-19,145
2020-06-20,25
2020-06-21,6
2020-06-22,2
2020-06-23,43
2020-06-24,14
2020-06-25,11
2020-06-26,5
2020-06-27,21
2020-06-28,37
2020-06-29,14
2020-06-30,5
2020-07-01,40
2020-07-02,34
2020-07-03,2
2020-07-04,30
2020-07-05,2
2020-07-06,1
2020-07-09,10
2020-07-10,32
2020-07-11,4
2020-07-12,1
2020-07-13,7
2020-07-14,11
2020-07-15,6
2020-07-16,4
2020-07-17,5
2020-07-18,22
2020-07-19,21
2020-07-20,1
2020-07-21,21
2020-07-22,2
2020-07-23,3
2020-07-24,3
2020-07-25,18
2020-07-26,12
2020-07-27,16
2020-07-28,11
2020-07-29,18
2020-07-30,27
2020-07-31,12
2020-08-01,8
2020-08-02,4
2020-08-03,21
2020-08-04,6
2020-08-05,7
2020-08-06,4
2020-08-07,5
2020-08-08,9
2020-08-09,5
2020-08-10,3
2020-08-12,2
2020-08-13,8
2020-08-14,9
2020-08-15,41
2020-08-16,9
2020-08-17,10
2020-08-19,8
2020-08-22,5
2020-08-23,4
2020-08-25,7
2020-08-26,6
2020-08-28,3
2020-08-29,4
2020-08-30,15
2020-08-31,1
2020-09-01,35
2020-09-03,38
2020-09-04,2
2020-09-05,6
2020-09-06,1
2020-09-07,7
2020-09-08,19
2020-09-09,4
2020-09-10,10
2020-09-11,15
2020-09-12,20
2020-09-13,12
2020-09-14,13
2020-09-15,18
2020-09-16,4
2020-09-17,7
2020-09-18,18
2020-09-19,13
2020-09-20,15
2020-09-21,4
2020-09-22,22
2020-09-23,10
2020-09-24,36
2020-09-25,10
2020-09-26,23
2020-09-27,6
2020-09-28,2
2020-09-29,31
2020-09-30,6
2020-10-01,10
2020-10-07,3
2020-10-14,2
2020-10-15,7
2020-10-16,1
2020-10-17,2
2020-10-19,4
2020-10-20,10
2020-10-21,9
2020-10-22,2
2020-10-24,3
2020-10-25,13
2020-10-27,2
2020-10-28,4
2020-10-29,4
2020-10-30,2
2020-11-01,9
2020-11-02,3
2020-11-03,1
2020-11-04,11
2020-11-07,1
2020-11-08,3
2020-11-10,2
2020-11-12,12
2020-11-14,1
2020-11-15,1
2020-11-16,5
2020-11-20,1
2020-11-21,1
2020-11-22,1
2020-11-23,2
2020-11-24,6
2020-11-26,3
2020-11-28,12
2020-11-29,2
2020-11-30,2
2020-12-02,3
2020-12-03,4
2020-12-04,20
2020-12-05,6
2020-12-06,40
2020-12-07,3
2020-12-08,4
2020-12-09,10
2020-12-11,15
2020-12-12,3
2020-12-13,5
2020-12-14,9
2020-12-15,34
2020-12-16,1
2020-12-17,1
2020-12-18,3
2020-12-19,9
2020-12-20,1
2020-12-21,7
2020-12-22,4
2020-12-23,3
2020-12-24,7
2020-12-25,1
2020-12-26,16
2020-12-27,2
2020-12-28,18
2020-12-29,3
2020-12-30,4
2020-12-31,13
2021-01-01,8
2021-01-02,4
2021-01-03,16
2021-01-04,3
2021-01-05,37
2021-01-06,23
2021-01-07,76
2021-01-08,1
2021-01-09,2
2021-01-10,4
2021-01-11,12
2021-01-12,7
2021-01-13,20
2021-01-14,5
2021-01-15,9
2021-01-16,10
2021-01-17,4
2021-01-18,53
2021-01-19,45
2021-01-20,16
2021-01-21,13
2021-01-22,10
2021-01-23,24
2021-01-24,25
2021-01-25,17
2021-01-26,12
2021-01-27,17
2021-01-28,23
2021-01-29,13
2021-01-30,66
2021-01-31,8
2021-02-01,13
2021-02-02,8
2021-02-03,6
2021-02-04,3
2021-02-05,12
2021-02-06,32
2021-02-07,8
2021-02-08,8
2021-02-10,1
2021-02-11,10
2021-02-12,17
2021-02-13,23
2021-02-14,9
2021-02-15,10
2021-02-16,149
2021-02-17,24
2021-02-18,8
2021-02-19,1
2021-02-20,14
2021-02-21,10
2021-02-22,19
2021-02-23,19
2021-02-24,14
2021-02-25,10
2021-02-26,6
2021-02-27,11
2021-02-28,19
2021-03-02,4
2021-03-03,15
2021-03-04,10
2021-03-05,22
2021-03-06,18
2021-03-07,5
2021-03-08,1
2021-03-09,1
2021-03-10,2
2021-03-11,16
2021-03-12,9
2021-03-13,7
2021-03-14,30
2021-03-15,27
2021-03-16,3
2021-03-17,2
2021-03-18,5
2021-03-19,68
2021-03-20,23
2021-03-21,13
2021-03-22,54
2021-03-23,5
2021-03-24,55
2021-03-25,30
2021-03-26,3
2021-03-27,32
2021-03-28,17
2021-03-29,6
2021-03-30,1
2021-03-31,7
2021-04-01,9
2021-04-02,153
2021-04-03,9
2021-04-04,29
2021-04-05,7
2021-04-06,3
2021-04-07,15
2021-04-08,10
2021-04-09,21
2021-04-10,5
2021-04-11,19
2021-04-12,41
2021-04-13,46
2021-04-14,36
2021-04-15,80
2021-04-16,68
2021-04-17,3
2021-04-18,8
2021-04-19,8
2021-04-20,7
2021-04-22,3
2021-04-23,1
2021-04-24,4
2021-04-25,13
2021-04-26,2
2021-04-27,4
2021-04-30,4
2021-05-01,42
2021-05-02,7
2021-05-03,5
2021-05-04,24
2021-05-05,10
2021-05-06,12
2021-05-07,6
2021-05-08,17
2021-05-09,3
2021-05-10,4
2021-05-11,12
2021-05-12,6
2021-05-13,16
2021-05-14,11
2021-05-15,19
2021-05-16,13
2021-05-17,176
2021-05-18,1
2021-05-19,1
2021-05-20,9
2021-05-21,12
2021-05-22,13
2021-05-23,6
2021-05-24,2
2021-05-25,11
2021-05-26,15
2021-05-27,2
2021-05-28,8
2021-05-29,19
2021-05-30,1
2021-05-31,8
2021-06-01,13
2021-06-02,24
2021-06-03,12
2021-06-04,8
2021-06-05,4
2021-06-06,1
2021-06-07,83
2021-06-08,3
2021-06-09,1
2021-06-10,4
2021-06-11,13
2021-06-12,77
2021-06-13,7
2021-06-14,1
2021-06-16,4
2021-06-17,7
2021-06-18,1
2021-06-19,22
2021-06-20,10
2021-06-21,1
2021-06-22,17
2021-06-23,26
2021-06-24,42
2021-06-25,44
2021-06-26,23
2021-06-27,19
2021-06-28,14
2021-06-29,52
2021-06-30,425
2021-07-01,744
2021-07-02,44
2021-07-03,41
2021-07-04,41
2021-07-05,94
2021-07-06,61
2021-07-07,44
2021-07-08,64
2021-07-09,70
2021-07-10,44
2021-07-11,19
2021-07-12,9
2021-07-13,10
2021-07-14,25
2021-07-15,16
2021-07-16,11
2021-07-17,47
2021-07-18,9
2021-07-19,46
2021-07-20,23
2021-07-21,6
2021-07-22,9
2021-07-23,21
2021-07-24,17
2021-07-25,22
2021-07-26,12
2021-07-27,13
2021-07-28,18
2021-07-29,65
2021-07-30,22
2021-07-31,30
2021-08-01,51
2021-08-02,14
2021-08-03,41
2021-08-04,18
2021-08-05,20
2021-08-06,5
2021-08-07,81
2021-08-08,21
2021-08-09,13
2021-08-10,52
2021-08-11,23
2021-08-12,6
2021-08-13,9
2021-08-14,28
2021-08-15,61
2021-08-16,29
2021-08-17,35
2021-08-18,43
2021-08-19,99
2021-08-20,17
2021-08-21,21
2021-08-22,21
2021-08-23,27
2021-08-24,33
2021-08-25,36
2021-08-26,48
2021-08-27,25
2021-08-28,42
2021-08-29,22
2021-08-30,20
2021-08-31,11
2021-09-01,14
2021-09-02,37
2021-09-03,12
2021-09-04,18
2021-09-05,27
2021-09-06,44
2021-09-07,15
2021-09-08,32
2021-09-09,17
2021-09-10,49
2021-09-11,41
2021-09-12,10
2021-09-13,19
2021-09-14,4
2021-09-15,12
2021-09-16,14
2021-09-17,81
2021-09-18,121
2021-09-19,11
2021-09-20,10
2021-09-21,4
2021-09-22,28
2021-09-23,29
2021-09-24,25
2021-09-25,12
2021-09-26,43
2021-09-27,38
2021-09-28,20
2021-09-29,26
2021-09-30,19
2021-10-01,52
2021-10-02,33
2021-10-03,19
2021-10-04,17
2021-10-05,27
2021-10-06,14
2021-10-07,52
2021-10-08,37
2021-10-09,37
2021-10-10,8
2021-10-11,165
2021-10-12,19
2021-10-13,39
2021-10-14,24
2021-10-15,44
2021-10-16,22
2021-10-17,27
2021-10-18,53
2021-10-19,30
2021-10-20,20
2021-10-21,13
2021-10-22,31
2021-10-23,4
2021-10-24,6
2021-10-25,4
2021-10-26,18
2021-10-27,12
2021-10-28,20
2021-10-29,12
2021-10-30,23
2021-10-31,24
2021-11-01,8
2021-11-02,17
2021-11-03,11
2021-11-04,16
2021-11-05,15
2021-11-06,14
2021-11-07,22
2021-11-08,8
2021-11-09,14
2021-11-10,372
2021-11-11,241
2021-11-12,349
2021-11-13,10
2021-11-14,45
2021-11-15,3
2021-11-16,3
2021-11-17,9
2021-11-18,3
2021-11-19,13
2021-11-20,35
2021-11-21,2
2021-11-22,13
2021-11-23,1
2021-11-24,5
2021-11-25,8
2021-11-26,16
2021-11-27,14
2021-11-28,19
2021-11-29,9
2021-11-30,1
2021-12-01,21
2021-12-02,9
2021-12-03,52
2021-12-04,7
2021-12-05,9
2021-12-06,25
2021-12-07,9
2021-12-08,26
2021-12-09,36
2021-12-10,9
2021-12-11,26
2021-12-12,16
2021-12-13,7
2021-12-14,40
2021-12-15,13
2021-12-16,41
2021-12-17,10
2021-12-18,9
2021-12-19,16
2021-12-20,8
2021-12-21,8
2021-12-22,11
2021-12-23,15
